{"cameraMode":{"drawMode":0,"name":"Shaded","section":"Shading Mode"},"sceneLighting":false,"audioPlay":false,"sceneViewState":{"showFog":true,"showMaterialUpdate":false,"showSkybox":true,"showFlares":true,"showImageEffects":true,"showParticleSystems":true},"in2DMode":false,"pivot":{"x":-4.157356262207031,"y":1.5139968395233155,"z":-4.189852714538574},"rotation":{"x":0.023669438436627389,"y":-0.03838278353214264,"z":-0.0009094424895010889,"w":-0.9989823698997498},"size":8.774404525756836,"orthographic":false}