{"cameraMode":{"drawMode":0,"name":"Shaded","section":"Shading Mode"},"sceneLighting":false,"audioPlay":false,"sceneViewState":{"showFog":true,"showMaterialUpdate":false,"showSkybox":true,"showFlares":true,"showImageEffects":true,"showParticleSystems":true},"in2DMode":false,"pivot":{"x":-2.5649619102478029,"y":-2.293686866760254,"z":-4.798098564147949},"rotation":{"x":-0.05126393586397171,"y":-0.030857354402542115,"z":0.0015846941387280822,"w":-0.9982070922851563},"size":10.372688293457032,"orthographic":false}