{"cameraMode":{"drawMode":0,"name":"Shaded","section":"Shading Mode"},"sceneLighting":false,"audioPlay":false,"sceneViewState":{"showFog":true,"showMaterialUpdate":false,"showSkybox":true,"showFlares":true,"showImageEffects":true,"showParticleSystems":true},"in2DMode":false,"pivot":{"x":2.049471855163574,"y":2.2664690017700197,"z":-8.205735206604004},"rotation":{"x":-0.07523956149816513,"y":0.0020911216270178558,"z":-0.00015779957175254822,"w":-0.9971632957458496},"size":9.031907081604004,"orthographic":false}