{"cameraMode":{"drawMode":0,"name":"Shaded","section":"Shading Mode"},"sceneLighting":true,"audioPlay":false,"sceneViewState":{"showFog":true,"showMaterialUpdate":false,"showSkybox":true,"showFlares":true,"showImageEffects":true,"showParticleSystems":true},"in2DMode":false,"pivot":{"x":368.04034423828127,"y":1027.8385009765625,"z":13.794677734375},"rotation":{"x":-0.00031002116156741977,"y":0.02159600518643856,"z":-0.000006726162155246129,"w":-0.9997667670249939},"size":1730.66796875,"orthographic":false}