{"cameraMode":{"drawMode":0,"name":"Shaded","section":"Shading Mode"},"sceneLighting":false,"audioPlay":false,"sceneViewState":{"showFog":true,"showMaterialUpdate":false,"showSkybox":true,"showFlares":true,"showImageEffects":true,"showParticleSystems":true},"in2DMode":false,"pivot":{"x":-0.07884502410888672,"y":-4.11772346496582,"z":6.58950138092041},"rotation":{"x":-0.4099690020084381,"y":0.11902208626270294,"z":-0.054055895656347278,"w":-0.9026833176612854},"size":24.409616470336915,"orthographic":false}