{"cameraMode":{"drawMode":0,"name":"Shaded","section":"Shading Mode"},"sceneLighting":false,"audioPlay":false,"sceneViewState":{"showFog":true,"showMaterialUpdate":false,"showSkybox":true,"showFlares":true,"showImageEffects":true,"showParticleSystems":true},"in2DMode":false,"pivot":{"x":1.241556167602539,"y":18.209287643432618,"z":7.256704807281494},"rotation":{"x":0.0029598064720630647,"y":0.7079477310180664,"z":0.002966680796816945,"w":-0.70625239610672},"size":18.63253402709961,"orthographic":false}