{"cameraMode":{"drawMode":0,"name":"Shaded","section":"Shading Mode"},"sceneLighting":false,"audioPlay":false,"sceneViewState":{"showFog":true,"showMaterialUpdate":false,"showSkybox":true,"showFlares":true,"showImageEffects":true,"showParticleSystems":true},"in2DMode":false,"pivot":{"x":-1.5768259763717652,"y":-1.006569266319275,"z":8.738724708557129},"rotation":{"x":0.11844019591808319,"y":0.5796940326690674,"z":0.0856507271528244,"w":-0.8016176223754883},"size":-2.8590447902679445,"orthographic":false}