{"cameraMode":{"drawMode":0,"name":"Shaded","section":"Shading Mode"},"sceneLighting":true,"audioPlay":false,"sceneViewState":{"showFog":true,"showMaterialUpdate":false,"showSkybox":true,"showFlares":true,"showImageEffects":true,"showParticleSystems":true},"in2DMode":false,"pivot":{"x":1.76218843460083,"y":1.931214451789856,"z":-2.6811599731445314},"rotation":{"x":-0.00031002116156741977,"y":0.02159600518643856,"z":-0.000006726162155246129,"w":-0.9997667670249939},"size":4.642940998077393,"orthographic":false}