{"cameraMode":{"drawMode":0,"name":"Shaded","section":"Shading Mode"},"sceneLighting":false,"audioPlay":false,"sceneViewState":{"showFog":true,"showMaterialUpdate":false,"showSkybox":true,"showFlares":true,"showImageEffects":true,"showParticleSystems":true},"in2DMode":false,"pivot":{"x":-7.337036609649658,"y":-0.3937346935272217,"z":-0.2642512321472168},"rotation":{"x":-0.07523956149816513,"y":0.0020911216270178558,"z":-0.00015779957175254822,"w":-0.9971632957458496},"size":11.237629890441895,"orthographic":false}