{"cameraMode":{"drawMode":0,"name":"Shaded","section":"Shading Mode"},"sceneLighting":false,"audioPlay":false,"sceneViewState":{"showFog":true,"showMaterialUpdate":false,"showSkybox":true,"showFlares":true,"showImageEffects":true,"showParticleSystems":true},"in2DMode":false,"pivot":{"x":-5.567422389984131,"y":-2.0775129795074465,"z":-1.605813980102539},"rotation":{"x":-0.07523956149816513,"y":0.0020911216270178558,"z":-0.00015779957175254822,"w":-0.9971632957458496},"size":6.627885818481445,"orthographic":false}