{"cameraMode":{"drawMode":0,"name":"Shaded","section":"Shading Mode"},"sceneLighting":false,"audioPlay":false,"sceneViewState":{"showFog":true,"showMaterialUpdate":false,"showSkybox":true,"showFlares":true,"showImageEffects":true,"showParticleSystems":true},"in2DMode":false,"pivot":{"x":-1.3664336204528809,"y":0.17000222206115724,"z":-7.432479381561279},"rotation":{"x":-0.07523956149816513,"y":0.0020911216270178558,"z":-0.00015779957175254822,"w":-0.9971632957458496},"size":7.611488342285156,"orthographic":false}