{"cameraMode":{"drawMode":0,"name":"Shaded","section":"Shading Mode"},"sceneLighting":false,"audioPlay":false,"sceneViewState":{"showFog":true,"showMaterialUpdate":false,"showSkybox":true,"showFlares":true,"showImageEffects":true,"showParticleSystems":true},"in2DMode":false,"pivot":{"x":0.1561802327632904,"y":-0.106513611972332,"z":-0.18857982754707337},"rotation":{"x":0.10161048173904419,"y":0.35908961296081545,"z":0.03936417028307915,"w":-0.9269198775291443},"size":20.87344741821289,"orthographic":false}