{"cameraMode":{"drawMode":0,"name":"Shaded","section":"Shading Mode"},"sceneLighting":false,"audioPlay":false,"sceneViewState":{"showFog":true,"showMaterialUpdate":false,"showSkybox":true,"showFlares":true,"showImageEffects":true,"showParticleSystems":true},"in2DMode":false,"pivot":{"x":1.3902573585510255,"y":-1.4767570495605469,"z":6.543455123901367},"rotation":{"x":-0.4099690020084381,"y":0.11902208626270294,"z":-0.054055895656347278,"w":-0.9026833176612854},"size":26.19721031188965,"orthographic":false}