{"cameraMode":{"drawMode":0,"name":"Shaded","section":"Shading Mode"},"sceneLighting":false,"audioPlay":false,"sceneViewState":{"showFog":true,"showMaterialUpdate":false,"showSkybox":true,"showFlares":true,"showImageEffects":true,"showParticleSystems":true},"in2DMode":false,"pivot":{"x":1.1707942485809327,"y":0.6653997898101807,"z":6.947673797607422},"rotation":{"x":-0.07368612289428711,"y":0.03947892785072327,"z":-0.002919300924986601,"w":-0.9964954853057861},"size":13.33569622039795,"orthographic":false}