{"cameraMode":{"drawMode":0,"name":"Shaded","section":"Shading Mode"},"sceneLighting":false,"audioPlay":false,"sceneViewState":{"showFog":true,"showMaterialUpdate":false,"showSkybox":true,"showFlares":true,"showImageEffects":true,"showParticleSystems":true},"in2DMode":false,"pivot":{"x":-0.24459627270698548,"y":0.08849966526031494,"z":-1.797053575515747},"rotation":{"x":-0.28593921661376955,"y":0.13085122406482697,"z":-0.03944896534085274,"w":-0.9484516382217407},"size":3.058112621307373,"orthographic":false}