{"cameraMode":{"drawMode":0,"name":"Shaded","section":"Shading Mode"},"sceneLighting":false,"audioPlay":false,"sceneViewState":{"showFog":true,"showMaterialUpdate":false,"showSkybox":true,"showFlares":true,"showImageEffects":true,"showParticleSystems":true},"in2DMode":false,"pivot":{"x":9.750588417053223,"y":1.527008295059204,"z":15.26081657409668},"rotation":{"x":-0.06132730096578598,"y":0.6687300205230713,"z":-0.055504314601421359,"w":-0.7388900518417358},"size":16.152828216552736,"orthographic":false}