{"cameraMode":{"drawMode":0,"name":"Shaded","section":"Shading Mode"},"sceneLighting":false,"audioPlay":false,"sceneViewState":{"showFog":true,"showMaterialUpdate":false,"showSkybox":true,"showFlares":true,"showImageEffects":true,"showParticleSystems":true},"in2DMode":false,"pivot":{"x":1.4901161193847657e-8,"y":0.0,"z":-2.9802322387695315e-8},"rotation":{"x":-0.07523956149816513,"y":0.0020911216270178558,"z":-0.00015779957175254822,"w":-0.9971632957458496},"size":1.212497591972351,"orthographic":false}